{
    "criterios": [
        "C1",
        "C2",
        "C3"
    ],
    "alternativas": [
        "A1",
        "A2"
    ],
    "tipos_criterios": [
        "MAX",
        "MIN",
        "MAX"
    ],
    "valores": [
        [
            5,
            3,
            4
        ],
        [
            3,
            4,
            2
        ]
    ],
    "pesos": [
        4,
        4,
        3
    ],
    "p": 2,
    "normalizacion": "MAX",
    "criterio_general": "MAX",
    "valores_normalizados": [
        [
            1.0,
            0.75,
            1.0
        ],
        [
            0.6,
            1.0,
            0.5
        ],
        [
            0.36363636363636365,
            0.36363636363636365,
            0.2727272727272727
        ]
    ],
    "valores_normalizados_ponderados": [
        [
            0.36363636363636365,
            0.2727272727272727,
            0.2727272727272727
        ],
        [
            0.21818181818181817,
            0.36363636363636365,
            0.13636363636363635
        ],
        [
            0.36363636363636365,
            0.2727272727272727,
            0.2727272727272727
        ],
        [
            0.21818181818181817,
            0.36363636363636365,
            0.13636363636363635
        ]
    ],
    "valores_solucion_ideal": [
        [
            0.0,
            0.0,
            0.0,
            0.0,
            0.0
        ],
        [
            0.021157024793388435,
            0.00826446280991736,
            0.018595041322314047,
            0.04801652892561985,
            0.21912674169443547
        ]
    ],
    "valores_solucion_anti_ideal": [
        [
            0.021157024793388435,
            0.00826446280991736,
            0.018595041322314047,
            0.04801652892561985,
            0.21912674169443547
        ],
        [
            0.0,
            0.0,
            0.0,
            0.0,
            0.0
        ]
    ],
    "valores_solucion_indice": [
        [
            "A1",
            "1.0"
        ],
        [
            "A2",
            "0.0"
        ]
    ]
}